<?xml version='1.0' encoding='utf-8' standalone='yes' ?>
<map>
    <boolean name="namespaceSharedPreferences" value="false" />
    <string name="device.id">9f995559aa592a183c7f47beddc200b27094156bf34c2bb1a34d84766c15ab9a</string>
    <int name="build" value="955" />
    <string name="version">3.90.0</string>
    <string name="traits-wSgiSNwwTtjusY4M1GugEJ3I3kBxgBvU">{&quot;pushNotificationAndroid&quot;:&quot;enabled&quot;,&quot;anonymousId&quot;:&quot;4934aa95-d995-4802-9068-21296b22962b&quot;,&quot;subscriber_key&quot;:&quot;c8dfc50228e501b3bb13a59883f1085dfc5e9e630d77a6fcad8f08ec6f6ed925&quot;,&quot;syncUsingCellular&quot;:false,&quot;userId&quot;:&quot;b50e5ef7-23ad-5393-88b9-eb8f3d323de5&quot;,&quot;subStatus&quot;:&quot;free&quot;,&quot;createdAt&quot;:&quot;2022-10-13T16:05:02+0000&quot;,&quot;phoneNumber&quot;:&quot;&quot;,&quot;pushNotificationOptOut&quot;:&quot;&quot;,&quot;externalUserId&quot;:&quot;1086703705&quot;,&quot;profileId&quot;:&quot;b50e5ef7-23ad-5393-88b9-eb8f3d323de5&quot;,&quot;email&quot;:&quot;kumarravi39604@gmail.com&quot;,&quot;username&quot;:&quot;rv_ravi_007&quot;}</string>
</map>
