<?xml version='1.0' encoding='utf-8' standalone='yes' ?>
<map>
    <boolean name="namespaceSharedPreferences" value="false" />
    <string name="device.id">9f995559aa592a183c7f47beddc200b27094156bf34c2bb1a34d84766c15ab9a</string>
    <int name="build" value="955" />
    <string name="version">3.90.0</string>
    <string name="traits-wSgiSNwwTtjusY4M1GugEJ3I3kBxgBvU">{&quot;pushNotificationAndroid&quot;:&quot;enabled&quot;,&quot;anonymousId&quot;:&quot;4593b6a9-5e32-4d8a-b3fd-a0c0ff40bbe1&quot;,&quot;subscriber_key&quot;:&quot;b86a16abcbecb72dec32e51136ac7bfcbf584f0e9760f1062682da2275efd383&quot;,&quot;syncUsingCellular&quot;:false,&quot;userId&quot;:&quot;ec7d7559-5fe7-54a9-b178-b825ac3a8f5f&quot;,&quot;subStatus&quot;:&quot;Ultimate Fan&quot;,&quot;createdAt&quot;:&quot;2022-09-18T01:22:56+0000&quot;,&quot;phoneNumber&quot;:&quot;&quot;,&quot;pushNotificationOptOut&quot;:&quot;&quot;,&quot;externalUserId&quot;:&quot;1084312475&quot;,&quot;profileId&quot;:&quot;ec7d7559-5fe7-54a9-b178-b825ac3a8f5f&quot;,&quot;email&quot;:&quot;lazaroyimian1998@icloud.com&quot;,&quot;username&quot;:&quot;lazaroyimian1998&quot;}</string>
</map>
