<?xml version='1.0' encoding='utf-8' standalone='yes' ?>
<map>
    <boolean name="androidNotificationOngoing" value="true" />
    <string name="androidNotificationChannelName">Audio Playback</string>
    <string name="androidNotificationIcon">mipmap/ic_launcher</string>
    <boolean name="androidShowNotificationBadge" value="false" />
    <int name="notificationColor" value="-1" />
    <boolean name="androidStopForegroundOnPause" value="true" />
    <string name="androidNotificationChannelId">com.crunchyroll.app.background.audio.play</string>
    <string name="activityClassName">com.crunchyroll.app.MainActivity</string>
    <int name="artDownscaleHeight" value="-1" />
    <boolean name="androidNotificationClickStartsActivity" value="true" />
    <int name="artDownscaleWidth" value="-1" />
    <boolean name="androidResumeOnClick" value="true" />
</map>
