{"Fid":"dc9uolW9R1uKfiC6TdOK3-","Status":3,"RefreshToken":"3_AS3qfwJuygX4q6fukZaOMwni6R0La4qnJiQRh-BWsfON17Sjh-KBDRcPzKMi8vj6gOiVz9Hl1mhgt6p0SFzYnrAjPLjQpO_YlBCg-Yso_bFPFg","AuthToken":"eyJhbGciOiJFUzI1NiIsInR5cCI6IkpXVCJ9.eyJhcHBJZCI6IjE6MzY3MjY5MDA4OTg2OmFuZHJvaWQ6NzliMWNhNTQ5NTQxMTEyNCIsImV4cCI6MTc2MDg1NjEwNiwiZmlkIjoiZGM5dW9sVzlSMXVLZmlDNlRkT0szLSIsInByb2plY3ROdW1iZXIiOjM2NzI2OTAwODk4Nn0.AB2LPV8wRgIhAKVp3JubiLrVP7vR4j9mOkfcRed5v5BAwGCtPLHh0Jm7AiEAzMzmkq9Qils8xAmZIqpBlh0jUi_c3gr_Xit33jQ1Zw8","TokenCreationEpochInSecs":1760251306,"ExpiresInSecs":604800}