{"Fid":"eHM-Fk2PTVugR6W5LSFYej","Status":3,"RefreshToken":"3_AS3qfwJLg2-YQcrdlP6lmHlT3nZ19vB5Ry7BiQHzpZGbTTSqyxoPONVYlviTMXWXDnxmwt2WwkdPa_Fgrcna-ZA2qccWBsUf3friPeEX8SqpKe8","AuthToken":"eyJhbGciOiJFUzI1NiIsInR5cCI6IkpXVCJ9.eyJhcHBJZCI6IjE6MzY3MjY5MDA4OTg2OmFuZHJvaWQ6NzliMWNhNTQ5NTQxMTEyNCIsImV4cCI6MTc2MDg0NDQ3NiwiZmlkIjoiZUhNLUZrMlBUVnVnUjZXNUxTRlllaiIsInByb2plY3ROdW1iZXIiOjM2NzI2OTAwODk4Nn0.AB2LPV8wRQIgR0iskiwimqqbZDeoZsd-Gpi5v2ykTZ6t75TOaiJoOKECIQCsGCB_HArXmaO4NeN1kCwTRbj50g_GzeolSD1oP5-tyg","TokenCreationEpochInSecs":1760239676,"ExpiresInSecs":604800}