{"Fid":"dMEoqXKaTpismpZg9dkOAw","Status":3,"RefreshToken":"3_AS3qfwJdcA6GyeCkPIvrNvvf9rNcev8oIQ6THB4lQ1ahxOk4JC_MucaApmBBXqESQMrqiVLZbmwX55XgbPtD00ZVkhcycsWAR4i-hwdBwQ_Ubpw","AuthToken":"eyJhbGciOiJFUzI1NiIsInR5cCI6IkpXVCJ9.eyJhcHBJZCI6IjE6MzY3MjY5MDA4OTg2OmFuZHJvaWQ6NzliMWNhNTQ5NTQxMTEyNCIsImV4cCI6MTc2MDg1NDYwMiwiZmlkIjoiZE1Fb3FYS2FUcGlzbXBaZzlka09BdyIsInByb2plY3ROdW1iZXIiOjM2NzI2OTAwODk4Nn0.AB2LPV8wRgIhAMqMnNZZTyHZ1lDOPtdjDEdJDxK1jYHQCY09JcY7XQ9iAiEAhsAsjA1Qemscf0mImCI0ll7Pw_DDQk_NBodoYMTEF2k","TokenCreationEpochInSecs":1760249802,"ExpiresInSecs":604800}