{"Fid":"dMTvd6fiS2uBvx-eDPoxJ9","Status":3,"RefreshToken":"3_AS3qfwIVymU6S0Oh-HUtcS56PbOC-PszPupY9xgGu4KTlb4RVCbuEjsyZp51e8kX8xs3ZIzPNi_9wbjtScbEhPNVJCh4O1g7EG-RZVveWdpsH7E","AuthToken":"eyJhbGciOiJFUzI1NiIsInR5cCI6IkpXVCJ9.eyJhcHBJZCI6IjE6MzY3MjY5MDA4OTg2OmFuZHJvaWQ6NzliMWNhNTQ5NTQxMTEyNCIsImV4cCI6MTc1ODUyOTQ5MywiZmlkIjoiZE1UdmQ2ZmlTMnVCdngtZURQb3hKOSIsInByb2plY3ROdW1iZXIiOjM2NzI2OTAwODk4Nn0.AB2LPV8wRQIhAI5vn9hQe_oi6VdKB8j3EGRbZtghohwk2Qa7tvrE7GuMAiA9ag3KikpREtxKhwMWRMROwF_5IP2J_G29kjnpRL1sog","TokenCreationEpochInSecs":1757924694,"ExpiresInSecs":604800}