{"Fid":"eYsmW9pmRCOark6tymQl5p","Status":3,"RefreshToken":"3_AS3qfwLL8467y1xUg36XTo_Pwqj14C1rNzuoy7VGjw_E8YMjwdl6NSW-mfw_n3jXVYX0TKr6WYHK1lH1yK-baNy-NbbLbGo1vJhTIB9XGDGutA","AuthToken":"eyJhbGciOiJFUzI1NiIsInR5cCI6IkpXVCJ9.eyJhcHBJZCI6IjE6MzY3MjY5MDA4OTg2OmFuZHJvaWQ6NzliMWNhNTQ5NTQxMTEyNCIsImV4cCI6MTc1ODUyODI3MSwiZmlkIjoiZVlzbVc5cG1SQ09hcms2dHltUWw1cCIsInByb2plY3ROdW1iZXIiOjM2NzI2OTAwODk4Nn0.AB2LPV8wRQIgCLbD8TxgXf7b2zYbQ6UWSdUmrJjLkC1po9879OmgUE0CIQCSxB4AA-ba5CFptKJ-JsXxlvpkTZJh9RYYuUM9Bg7CVQ","TokenCreationEpochInSecs":1757923472,"ExpiresInSecs":604800}