<?xml version='1.0' encoding='utf-8' standalone='yes' ?>
<map>
    <long name="fire-count" value="1" />
    <string name="last-used-date">2025-09-15</string>
    <long name="fire-global" value="1757923470853" />
    <set name="kotlin/2.0.21 fire-installations/18.0.0 android-min-sdk/26 fire-analytics/21.3.0 device-model/OP5321 device-name/CPH2349T2 fire-core/21.0.0 fire-android/30 fire-core-ktx/21.0.0 fire-iid/20.1.6 android-installer/com.google.android.packageinstaller fire-cls-ndk/19.4.4 android-platform/ fire-sessions/2.1.2 fire-cls/19.4.4 android-target-sdk/35 device-brand/OPPO fire-fcm/20.1.6 fire-transport/19.0.0">
        <string>2025-09-15</string>
    </set>
</map>
